name,n_candidate_records,n_matched,energy_raw_mae_ev,energy_raw_rmse_ev,energy_aligned_mae_ev,energy_aligned_rmse_ev,adsorption_energy_raw_mae_ev,adsorption_energy_raw_rmse_ev,adsorption_energy_aligned_mae_ev,adsorption_energy_aligned_rmse_ev,adsorption_spearman_energy,spearman_energy,top1_match,top3_recall,candidate_converged_records,matched_candidate_converged,force_vector_mae_ev_per_ang,max_force_mae_ev_per_ang,candidate_runtime_total_seconds,truth_runtime_total_seconds,speedup_vs_truth
wt_heg_sp08_m30,4,4,568.2493988454098,570.360864948274,37.10345262960527,49.031999514332426,74.20690525921054,88.94268808914505,37.10345262960527,49.031999514332426,0.5999999999999999,0.5999999999999999,False,0.6666666666666666,0,0,,1333.4675629686978,636.4339793240651,535.506251876126,0.8414168150557721
mgp_atomic_sp08_m30,4,4,70.83482249687586,82.12588819098016,34.63046089833915,41.55826551955057,69.2609217966783,80.7723016950678,34.63046089833915,41.55826551955057,0.0,0.0,False,0.6666666666666666,0,0,,1075.8394075800636,716.6153205083683,535.506251876126,0.747271564744439
mgpa_atomic_sp08_m30,4,4,142.26363385521836,148.91998882306603,35.69658986457216,44.0252376867006,71.39317972914432,83.87614479223748,35.69658986457216,44.0252376867006,0.0,0.0,False,0.6666666666666666,0,0,,1198.5644805223683,777.8216833863407,535.506251876126,0.688469173994655
lmgp_atomic_sp08_m30,4,4,16955.13287409825,16955.140426892416,14.249056787155496,16.003665652786008,18.190287305320453,24.228162674380926,14.249056787155496,16.003665652786008,0.0,0.0,False,0.6666666666666666,3,3,,257.6848393043095,743.9461945155635,535.506251876126,0.7198185242749072
lmgpa_atomic_sp08_m30,4,4,18758.186863785104,18758.19085723491,11.028716857712425,12.240088697484575,14.44173551599306,18.931019413549418,11.028716857712425,12.240088697484575,0.0,0.0,False,0.6666666666666666,0,0,,228.0583672661365,510.25976024288684,535.506251876126,1.0494777240933553
hc_atomic_sp08_m30,4,4,17349.04490167409,17349.051432280092,13.282206040117671,15.053225439046427,17.66976670349868,23.212502051153923,13.282206040117671,15.053225439046425,0.0,0.0,False,0.6666666666666666,2,2,,254.17810945642464,540.1392093943432,535.506251876126,0.9914226602371413
revhc_atomic_sp08_m30,4,4,17508.51117576731,17508.515112985668,9.60791146775955,11.741791973022757,15.500080148809502,19.445363543972636,9.60791146775955,11.741791973022757,0.0,0.0,False,0.6666666666666666,2,2,,230.2584096045254,602.5099827339873,535.506251876126,0.8887923307862537
tf_heg_sp08_m100,4,4,17137.343314207727,17137.350140102477,13.168643452017932,15.295602313445418,15.300294872662562,21.634566631238563,13.168643452017932,15.295602313445418,0.0,0.0,False,0.6666666666666666,4,4,,232.5266817386565,1319.8471906306222,535.506251876126,0.4057335240606615
tfvw_heg_sp08_m100,4,4,21042.523947708883,21042.525348582672,6.116337061634113,7.678270804212584,12.232674123268225,14.442789160993089,6.116337061634113,7.678270804212584,0.5999999999999999,0.5999999999999999,False,0.6666666666666666,4,4,,229.9110800324636,473.8590731685981,535.506251876126,1.1300960184117737
